-- Inserção de 50 registros fictícios na tabela cliente (todos com QWEN AI CHAT)
INSERT INTO cliente (nome, email, telefone, CPF, status, endereco) VALUES
('João Silva', 'joao.silva@email.com', '(11) 98765-4321', '123.456.789-01', 'ATIVO', 'Rua das Flores, 123 - Centro, São Paulo - SP'),
('Maria Santos', 'maria.santos@email.com', '(21) 99876-5432', '234.567.890-12', 'ATIVO', 'Avenida Paulista, 456 - Bela Vista, São Paulo - SP'),
('Pedro Almeida', 'pedro.almeida@email.com', '(31) 98765-1234', '345.678.901-23', 'DESATIVADO', 'Rua do Carmo, 789 - Liberdade, Rio de Janeiro - RJ'),
('Ana Oliveira', 'ana.oliveira@email.com', '(41) 99876-2345', '456.789.012-34', 'ATIVO', 'Rua XV de Novembro, 321 - Centro, Curitiba - PR'),
('Carlos Ferreira', 'carlos.ferreira@email.com', '(51) 98765-3456', '567.890.123-45', 'ATIVO', 'Rua da Praia, 654 - Boa Viagem, Recife - PE'),
('Juliana Costa', 'juliana.costa@email.com', '(61) 99876-4567', '678.901.234-56', 'DESATIVADO', 'Quadra 10, Lote 20 - Asa Sul, Brasília - DF'),
('Rafael Rodrigues', 'rafael.rodrigues@email.com', '(71) 98765-5678', '789.012.345-67', 'ATIVO', 'Rua do Comércio, 987 - Barra, Salvador - BA'),
('Fernanda Lima', 'fernanda.lima@email.com', '(81) 99876-6789', '890.123.456-78', 'ATIVO', 'Rua dos Artistas, 654 - Boa Viagem, Recife - PE'),
('Lucas Pereira', 'lucas.pereira@email.com', '(91) 98765-7890', '901.234.567-89', 'DESATIVADO', 'Rua da Amizade, 321 - Centro, Belém - PA'),
('Mariana Souza', 'mariana.souza@email.com', '(12) 99876-8901', '012.345.678-90', 'ATIVO', 'Rua das Palmeiras, 789 - Jardim, Campinas - SP'),
('Gustavo Santos', 'gustavo.santos@email.com', '(22) 98765-9012', '123.456.789-10', 'ATIVO', 'Rua das Margaridas, 456 - Tijuca, Rio de Janeiro - RJ'),
('Camila Alves', 'camila.alves@email.com', '(32) 99876-0123', '234.567.890-21', 'DESATIVADO', 'Rua dos Pinheiros, 123 - Pinheiros, São Paulo - SP'),
('Diego Castro', 'diego.castro@email.com', '(42) 98765-1234', '345.678.901-32', 'ATIVO', 'Rua das Acácias, 789 - Centro, Florianópolis - SC'),
('Larissa Mendes', 'larissa.mendes@email.com', '(52) 99876-2345', '456.789.012-43', 'ATIVO', 'Rua das Hortênsias, 321 - Bom Fim, Porto Alegre - RS'),
('Thiago Rocha', 'thiago.rocha@email.com', '(62) 98765-3456', '567.890.123-54', 'DESATIVADO', 'Rua dos Ipês, 654 - Setor Central, Goiânia - GO'),
('Isabela Cardoso', 'isabela.cardoso@email.com', '(72) 99876-4567', '678.901.234-65', 'ATIVO', 'Rua das Orquídeas, 987 - Centro, Vitória - ES'),
('Vinícius Teixeira', 'vinicius.teixeira@email.com', '(82) 98765-5678', '789.012.345-76', 'ATIVO', 'Rua dos Cravos, 321 - Farol, Maceió - AL'),
('Carolina Barbosa', 'carolina.barbosa@email.com', '(92) 99876-6789', '890.123.456-87', 'DESATIVADO', 'Rua das Rosas, 789 - Adrianópolis, Manaus - AM'),
('Gabriel Sousa', 'gabriel.sousa@email.com', '(13) 98765-7890', '901.234.567-98', 'ATIVO', 'Rua das Violetas, 456 - Centro, Santos - SP'),
('Beatriz Ribeiro', 'beatriz.ribeiro@email.com', '(23) 99876-8901', '012.345.678-09', 'ATIVO', 'Rua das Tulipas, 123 - Centro, Niterói - RJ'),
('Eduardo Gomes', 'eduardo.gomes@email.com', '(33) 98765-9012', '123.456.789-20', 'DESATIVADO', 'Rua das Margaridas, 789 - Centro, Uberlândia - MG'),
('Laura Carvalho', 'laura.carvalho@email.com', '(43) 99876-0123', '234.567.890-31', 'ATIVO', 'Rua das Bromélias, 321 - Centro, Londrina - PR'),
('Ricardo Fernandes', 'ricardo.fernandes@email.com', '(53) 98765-1234', '345.678.901-42', 'ATIVO', 'Rua das Camélias, 654 - Centro, Pelotas - RS'),
('Patrícia Lima', 'patricia.lima@email.com', '(63) 99876-2345', '456.789.012-53', 'DESATIVADO', 'Rua das Magnólias, 987 - Plano Diretor Norte, Palmas - TO'),
('Felipe Costa', 'felipe.costa@email.com', '(73) 98765-3456', '567.890.123-64', 'ATIVO', 'Rua das Azaléias, 321 - Centro, Feira de Santana - BA'),
('Sofia Almeida', 'sofia.almeida@email.com', '(83) 99876-4567', '678.901.234-75', 'ATIVO', 'Rua das Begônias, 789 - Manaíra, João Pessoa - PB'),
('André Santos', 'andre.santos@email.com', '(93) 98765-5678', '789.012.345-86', 'DESATIVADO', 'Rua das Gardênias, 456 - Centro, Santarém - PA'),
('Letícia Oliveira', 'leticia.oliveira@email.com', '(14) 99876-6789', '890.123.456-97', 'ATIVO', 'Rua das Dálias, 123 - Centro, Ribeirão Preto - SP'),
('Bruno Pereira', 'bruno.pereira@email.com', '(24) 98765-7890', '901.234.567-08', 'ATIVO', 'Rua das Papoulas, 789 - Centro, Volta Redonda - RJ'),
('Valentina Rodrigues', 'valentina.rodrigues@email.com', '(34) 99876-8901', '012.345.678-19', 'DESATIVADO', 'Rua das Hortências, 321 - Centro, Uberaba - MG'),
('Matheus Castro', 'matheus.castro@email.com', '(44) 98765-9012', '123.456.789-30', 'ATIVO', 'Rua das Margaridas, 654 - Centro, Maringá - PR'),
('Helena Mendes', 'helena.mendes@email.com', '(54) 99876-0123', '234.567.890-41', 'ATIVO', 'Rua das Violetas, 987 - Centro, Caxias do Sul - RS'),
('Guilherme Rocha', 'guilherme.rocha@email.com', '(64) 98765-1234', '345.678.901-52', 'DESATIVADO', 'Rua das Rosas, 321 - Centro, Anápolis - GO'),
('Isadora Cardoso', 'isadora.cardoso@email.com', '(74) 99876-2345', '456.789.012-63', 'ATIVO', 'Rua das Tulipas, 789 - Centro, Cuiabá - MT'),
('Samuel Teixeira', 'samuel.teixeira@email.com', '(84) 98765-3456', '567.890.123-74', 'ATIVO', 'Rua das Orquídeas, 456 - Centro, Natal - RN'),
('Luiza Barbosa', 'luiza.barbosa@email.com', '(94) 99876-4567', '678.901.234-85', 'DESATIVADO', 'Rua das Camélias, 123 - Centro, Belém - PA'),
('Daniel Sousa', 'daniel.sousa@email.com', '(15) 98765-5678', '789.012.345-96', 'ATIVO', 'Rua das Margaridas, 789 - Centro, Sorocaba - SP'),
('Manuela Ribeiro', 'manuela.ribeiro@email.com', '(25) 99876-6789', '890.123.456-07', 'ATIVO', 'Rua das Violetas, 321 - Centro, Campos dos Goytacazes - RJ'),
('Arthur Gomes', 'arthur.gomes@email.com', '(35) 98765-7890', '901.234.567-18', 'DESATIVADO', 'Rua das Bromélias, 654 - Centro, Juiz de Fora - MG'),
('Clara Carvalho', 'clara.carvalho@email.com', '(45) 99876-8901', '012.345.678-29', 'ATIVO', 'Rua das Hortências, 987 - Centro, Cascavel - PR'),
('Enzo Fernandes', 'enzo.fernandes@email.com', '(55) 98765-9012', '123.456.789-40', 'ATIVO', 'Rua das Azaléias, 321 - Centro, Santa Maria - RS'),
('Sophia Lima', 'sophia.lima@email.com', '(65) 99876-0123', '234.567.890-51', 'DESATIVADO', 'Rua das Margaridas, 789 - Centro, Cuiabá - MT'),
('Bernardo Costa', 'bernardo.costa@email.com', '(75) 98765-1234', '345.678.901-62', 'ATIVO', 'Rua das Rosas, 456 - Centro, Salvador - BA'),
('Alice Almeida', 'alice.almeida@email.com', '(85) 99876-2345', '456.789.012-73', 'ATIVO', 'Rua das Tulipas, 123 - Centro, Fortaleza - CE'),
('Davi Santos', 'davi.santos@email.com', '(95) 98765-3456', '567.890.123-84', 'DESATIVADO', 'Rua das Violetas, 789 - Centro, Boa Vista - RR'),
('Luna Oliveira', 'luna.oliveira@email.com', '(16) 99876-4567', '678.901.234-95', 'ATIVO', 'Rua das Bromélias, 321 - Centro, Araraquara - SP'),
('Noah Pereira', 'noah.pereira@email.com', '(26) 98765-5678', '789.012.345-06', 'ATIVO', 'Rua das Hortências, 654 - Centro, Petrópolis - RJ'),
('Melissa Rodrigues', 'melissa.rodrigues@email.com', '(36) 99876-6789', '890.123.456-17', 'DESATIVADO', 'Rua das Camélias, 987 - Centro, Montes Claros - MG'),
('Benjamin Castro', 'benjamin.castro@email.com', '(46) 98765-7890', '901.234.567-28', 'ATIVO', 'Rua das Margaridas, 321 - Centro, Ponta Grossa - PR'),
('Heloísa Mendes', 'heloisa.mendes@email.com', '(56) 99876-8901', '012.345.678-39', 'ATIVO', 'Rua das Violetas, 789 - Centro, Passo Fundo - RS');

-- Inserção de mais 50 registros fictícios na tabela cliente
INSERT INTO cliente (nome, email, telefone, CPF, status, endereco) VALUES
('Leonardo Silva', 'leonardo.silva@email.com', '(17) 98123-4567', '111.222.333-45', 'ATIVO', 'Rua do Sol Nascente, 123 - Jardim Primavera, São Paulo - SP'),
('Lívia Santos', 'livia.santos@email.com', '(27) 99234-5678', '222.333.444-56', 'DESATIVADO', 'Avenida Beira Mar, 456 - Praia do Forte, Rio de Janeiro - RJ'),
('Matheus Almeida', 'matheus.almeida@email.com', '(37) 98345-6789', '333.444.555-67', 'ATIVO', 'Rua das Oliveiras, 789 - Centro Histórico, Salvador - BA'),
('Sophie Oliveira', 'sophie.oliveira@email.com', '(47) 99456-7890', '444.555.666-78', 'ATIVO', 'Rua das Palmeiras, 321 - Boa Viagem, Recife - PE'),
('Gabriel Ferreira', 'gabriel.ferreira@email.com', '(57) 98567-8901', '555.666.777-89', 'DESATIVADO', 'Rua das Estrelas, 654 - Centro, Porto Alegre - RS'),
('Isabel Costa', 'isabel.costa@email.com', '(67) 99678-9012', '666.777.888-90', 'ATIVO', 'Rua da Liberdade, 987 - Centro, Curitiba - PR'),
('Lucas Rodrigues', 'lucas.rodrigues@email.com', '(77) 98789-0123', '777.888.999-01', 'ATIVO', 'Rua do Comércio, 321 - Centro, Belo Horizonte - MG'),
('Manuela Lima', 'manuela.lima@email.com', '(87) 99890-1234', '888.999.000-12', 'DESATIVADO', 'Rua das Flores, 789 - Centro, Manaus - AM'),
('Thiago Barbosa', 'thiago.barbosa@email.com', '(97) 98901-2345', '999.000.111-23', 'ATIVO', 'Rua do Progresso, 456 - Centro, Goiânia - GO'),
('Valentina Sousa', 'valentina.sousa@email.com', '(18) 99012-3456', '000.111.222-34', 'ATIVO', 'Rua da Paz, 123 - Setor Sul, Brasília - DF'),
('Arthur Ribeiro', 'arthur.ribeiro@email.com', '(28) 98123-4567', '111.222.333-56', 'DESATIVADO', 'Rua das Mangueiras, 789 - Centro, Florianópolis - SC'),
('Helena Gomes', 'helena.gomes@email.com', '(38) 99234-5678', '222.333.444-67', 'ATIVO', 'Rua do Bosque, 321 - Jardim América, Vitória - ES'),
('Samuel Carvalho', 'samuel.carvalho@email.com', '(48) 98345-6789', '333.444.555-78', 'ATIVO', 'Rua da Esperança, 654 - Centro, Fortaleza - CE'),
('Isadora Fernandes', 'isadora.fernandes@email.com', '(58) 99456-7890', '444.555.666-89', 'DESATIVADO', 'Rua da Fé, 987 - Centro, João Pessoa - PB'),
('Davi Mendes', 'davi.mendes@email.com', '(68) 98567-8901', '555.666.777-90', 'ATIVO', 'Rua da Harmonia, 321 - Centro, Maceió - AL'),
('Alice Rocha', 'alice.rocha@email.com', '(78) 99678-9012', '666.777.888-01', 'ATIVO', 'Rua da União, 789 - Centro, Natal - RN'),
('Benício Teixeira', 'benicio.teixeira@email.com', '(88) 98789-0123', '777.888.999-12', 'DESATIVADO', 'Rua da Amizade, 456 - Centro, Teresina - PI'),
('Lorena Cardoso', 'lorena.cardoso@email.com', '(98) 99890-1234', '888.999.000-23', 'ATIVO', 'Rua da Solidariedade, 123 - Centro, Campo Grande - MS'),
('Rafael Castro', 'rafael.castro@email.com', '(19) 98901-2345', '999.000.111-34', 'ATIVO', 'Rua da Prosperidade, 789 - Centro, Cuiabá - MT'),
('Melissa Almeida', 'melissa.almeida@email.com', '(29) 99012-3456', '000.111.222-45', 'DESATIVADO', 'Rua da Justiça, 321 - Centro, Aracaju - SE'),
('Noah Santos', 'noah.santos@email.com', '(39) 98123-4567', '111.222.333-67', 'ATIVO', 'Rua da Verdade, 654 - Centro, Belém - PA'),
('Heloísa Oliveira', 'heloisa.oliveira@email.com', '(49) 99234-5678', '222.333.444-78', 'ATIVO', 'Rua da Bondade, 987 - Centro, Macapá - AP'),
('Bernardo Costa', 'bernardo.costa23@email.com', '(59) 98345-6789', '333.444.555-89', 'DESATIVADO', 'Rua da Gratidão, 321 - Centro, Palmas - TO'),
('Luiza Ferreira', 'luiza.ferreira@email.com', '(69) 99456-7890', '444.555.666-90', 'ATIVO', 'Rua da Lealdade, 789 - Centro, Rio Branco - AC'),
('Emanuel Rodrigues', 'emanuel.rodrigues@email.com', '(79) 98567-8901', '555.666.777-01', 'ATIVO', 'Rua da Perseverança, 456 - Centro, Porto Velho - RO'),
('Clara Lima', 'clara.lima@email.com', '(89) 99678-9012', '666.777.888-12', 'DESATIVADO', 'Rua da Determinação, 123 - Centro, Boa Vista - RR'),
('Henrique Barbosa', 'henrique.barbosa@email.com', '(99) 98789-0123', '777.888.999-23', 'ATIVO', 'Rua da Resiliência, 789 - Centro, São Luís - MA'),
('Lavínia Sousa', 'lavinia.sousa@email.com', '(10) 99890-1234', '888.999.000-34', 'ATIVO', 'Rua da Sabedoria, 321 - Centro, Teresópolis - RJ'),
('Rafael Ribeiro', 'rafael.ribeiro@email.com', '(20) 98901-2345', '999.000.111-45', 'DESATIVADO', 'Rua da Humildade, 654 - Centro, Juazeiro - BA'),
('Bianca Gomes', 'bianca.gomes@email.com', '(30) 99012-3456', '000.111.222-56', 'ATIVO', 'Rua da Compaixão, 987 - Centro, Joinville - SC'),
('Felipe Carvalho', 'felipe.carvalho@email.com', '(40) 98123-4567', '111.222.333-78', 'ATIVO', 'Rua da Generosidade, 321 - Centro, Londrina - PR'),
('Vitória Fernandes', 'vitoria.fernandes@email.com', '(50) 99234-5678', '222.333.444-89', 'DESATIVADO', 'Rua da Simpatia, 789 - Centro, Pelotas - RS'),
('João Pedro Mendes', 'joao.pedro.mendes@email.com', '(60) 98345-6789', '333.444.555-90', 'ATIVO', 'Rua da Ternura, 456 - Centro, Feira de Santana - BA'),
('Maria Eduarda Rocha', 'maria.eduarda.rocha@email.com', '(70) 99456-7890', '444.555.666-01', 'ATIVO', 'Rua da Gratidão, 123 - Centro, Campina Grande - PB'),
('Pedro Henrique Teixeira', 'pedro.henrique.teixeira@email.com', '(80) 98567-8901', '555.666.777-12', 'DESATIVADO', 'Rua da Lealdade, 789 - Centro, São José dos Campos - SP'),
('Ana Clara Cardoso', 'ana.clara.cardoso@email.com', '(90) 99678-9012', '666.777.888-23', 'ATIVO', 'Rua da Perseverança, 321 - Centro, Uberlândia - MG'),
('Lucas Gabriel Castro', 'lucas.gabriel.castro@email.com', '(11) 98789-0123', '777.888.999-34', 'ATIVO', 'Rua da Determinação, 654 - Centro, Londrina - PR'),
('Julia Isabella Almeida', 'julia.isabella.almeida@email.com', '(21) 99890-1234', '888.999.000-45', 'DESATIVADO', 'Rua da Resiliência, 987 - Centro, Florianópolis - SC'),
('Guilherme Miguel Santos', 'guilherme.miguel.santos@email.com', '(31) 98901-2345', '999.000.111-56', 'ATIVO', 'Rua da Humildade, 321 - Centro, Salvador - BA'),
('Beatriz Sophia Oliveira', 'beatriz.sophia.oliveira@email.com', '(41) 99012-3456', '000.111.222-67', 'ATIVO', 'Rua da Compaixão, 789 - Centro, Recife - PE'),
('Rafaela Enzo Ferreira', 'rafaela.enzo.ferreira@email.com', '(51) 98123-4567', '111.222.333-89', 'DESATIVADO', 'Rua da Generosidade, 456 - Centro, Curitiba - PR'),
('Nicolas Arthur Costa', 'nicolas.arthur.costa@email.com', '(61) 99234-5678', '222.333.444-90', 'ATIVO', 'Rua da Simpatia, 123 - Centro, Porto Alegre - RS'),
('Lara Valentina Rodrigues', 'lara.valentina.rodrigues@email.com', '(71) 98345-6789', '333.444.555-01', 'ATIVO', 'Rua da Ternura, 789 - Centro, Belo Horizonte - MG'),
('Daniel Samuel Lima', 'daniel.samuel.lima@email.com', '(81) 99456-7890', '444.555.666-12', 'DESATIVADO', 'Rua da Gratidão, 321 - Centro, Manaus - AM');

-- Inserção de 50 registros fictícios na tabela reserva
INSERT INTO reserva (id_cliente, data_reserva, status, valor_total) VALUES
(1, '2023-10-01 10:00:00', 'CONFIRMADA', 150.00),
(2, '2023-10-02 14:30:00', 'PENDENTE', 200.50),
(3, '2023-10-03 09:15:00', 'CANCELADA', 120.75),
(4, '2023-10-04 16:45:00', 'CONFIRMADA', 300.00),
(5, '2023-10-05 11:00:00', 'PENDENTE', 250.25),
(6, '2023-10-06 13:20:00', 'CANCELADA', 180.00),
(7, '2023-10-07 08:50:00', 'CONFIRMADA', 400.00),
(8, '2023-10-08 17:10:00', 'PENDENTE', 199.99),
(9, '2023-10-09 12:30:00', 'CANCELADA', 220.50),
(10, '2023-10-10 15:40:00', 'CONFIRMADA', 350.00),
(11, '2023-10-11 09:00:00', 'PENDENTE', 175.00),
(12, '2023-10-12 18:00:00', 'CANCELADA', 270.00),
(13, '2023-10-13 10:20:00', 'CONFIRMADA', 500.00),
(14, '2023-10-14 13:50:00', 'PENDENTE', 149.99),
(15, '2023-10-15 08:45:00', 'CANCELADA', 210.00),
(16, '2023-10-16 16:30:00', 'CONFIRMADA', 450.00),
(17, '2023-10-17 11:10:00', 'PENDENTE', 130.00),
(18, '2023-10-18 14:25:00', 'CANCELADA', 240.00),
(19, '2023-10-19 09:30:00', 'CONFIRMADA', 320.00),
(20, '2023-10-20 17:00:00', 'PENDENTE', 160.00),
(21, '2023-10-21 12:15:00', 'CANCELADA', 190.00),
(22, '2023-10-22 15:50:00', 'CONFIRMADA', 420.00),
(23, '2023-10-23 10:00:00', 'PENDENTE', 230.00),
(24, '2023-10-24 18:30:00', 'CANCELADA', 280.00),
(25, '2023-10-25 08:55:00', 'CONFIRMADA', 380.00),
(26, '2023-10-26 13:40:00', 'PENDENTE', 155.00),
(27, '2023-10-27 16:10:00', 'CANCELADA', 220.00),
(28, '2023-10-28 11:20:00', 'CONFIRMADA', 410.00),
(29, '2023-10-29 14:50:00', 'PENDENTE', 170.00),
(30, '2023-10-30 09:40:00', 'CANCELADA', 260.00),
(31, '2023-10-31 17:30:00', 'CONFIRMADA', 330.00),
(32, '2023-11-01 10:10:00', 'PENDENTE', 185.00),
(33, '2023-11-02 13:00:00', 'CANCELADA', 275.00),
(34, '2023-11-03 08:30:00', 'CONFIRMADA', 440.00),
(35, '2023-11-04 16:20:00', 'PENDENTE', 140.00),
(36, '2023-11-05 11:30:00', 'CANCELADA', 200.00),
(37, '2023-11-06 15:00:00', 'CONFIRMADA', 360.00),
(38, '2023-11-07 09:50:00', 'PENDENTE', 195.00),
(39, '2023-11-08 18:10:00', 'CANCELADA', 250.00),
(40, '2023-11-09 10:40:00', 'CONFIRMADA', 390.00),
(41, '2023-11-10 13:30:00', 'PENDENTE', 165.00),
(42, '2023-11-11 16:50:00', 'CANCELADA', 230.00),
(43, '2023-11-12 11:40:00', 'CONFIRMADA', 430.00),
(44, '2023-11-13 08:20:00', 'PENDENTE', 150.00),
(45, '2023-11-14 17:20:00', 'CANCELADA', 245.00),
(46, '2023-11-15 10:30:00', 'CONFIRMADA', 370.00),
(47, '2023-11-16 14:10:00', 'PENDENTE', 180.00),
(48, '2023-11-17 09:00:00', 'CANCELADA', 225.00),
(49, '2023-11-18 15:20:00', 'CONFIRMADA', 400.00),
(50, '2023-11-19 18:40:00', 'PENDENTE', 210.00);

-- Inserção de 50 registros fictícios na tabela periodo
INSERT INTO periodo (data_checkin, data_checkout) VALUES
('2023-10-01', '2023-10-03'),
('2023-10-02', '2023-10-04'),
('2023-10-03', '2023-10-05'),
('2023-10-04', '2023-10-06'),
('2023-10-05', '2023-10-07'),
('2023-10-06', '2023-10-08'),
('2023-10-07', '2023-10-09'),
('2023-10-08', '2023-10-10'),
('2023-10-09', '2023-10-11'),
('2023-10-10', '2023-10-12'),
('2023-10-11', '2023-10-13'),
('2023-10-12', '2023-10-14'),
('2023-10-13', '2023-10-15'),
('2023-10-14', '2023-10-16'),
('2023-10-15', '2023-10-17'),
('2023-10-16', '2023-10-18'),
('2023-10-17', '2023-10-19'),
('2023-10-18', '2023-10-20'),
('2023-10-19', '2023-10-21'),
('2023-10-20', '2023-10-22'),
('2023-10-21', '2023-10-23'),
('2023-10-22', '2023-10-24'),
('2023-10-23', '2023-10-25'),
('2023-10-24', '2023-10-26'),
('2023-10-25', '2023-10-27'),
('2023-10-26', '2023-10-28'),
('2023-10-27', '2023-10-29'),
('2023-10-28', '2023-10-30'),
('2023-10-29', '2023-10-31'),
('2023-10-30', '2023-11-01'),
('2023-10-31', '2023-11-02'),
('2023-11-01', '2023-11-03'),
('2023-11-02', '2023-11-04'),
('2023-11-03', '2023-11-05'),
('2023-11-04', '2023-11-06'),
('2023-11-05', '2023-11-07'),
('2023-11-06', '2023-11-08'),
('2023-11-07', '2023-11-09'),
('2023-11-08', '2023-11-10'),
('2023-11-09', '2023-11-11'),
('2023-11-10', '2023-11-12'),
('2023-11-11', '2023-11-13'),
('2023-11-12', '2023-11-14'),
('2023-11-13', '2023-11-15'),
('2023-11-14', '2023-11-16'),
('2023-11-15', '2023-11-17'),
('2023-11-16', '2023-11-18'),
('2023-11-17', '2023-11-19'),
('2023-11-18', '2023-11-20'),
('2023-11-19', '2023-11-21');

-- Inserção de 50 registros fictícios na tabela quarto
INSERT INTO quarto (numero_quarto, tipo, capacidade, preco_diaria, status) VALUES
(101, 'ÚNICO', 1, 150.00, 'DISPONÍVEL'),
(102, 'DUPLO', 2, 250.00, 'OCUPADO'),
(103, 'SUÍTE', 4, 400.00, 'DISPONÍVEL'),
(104, 'ÚNICO', 1, 160.00, 'MANUTENÇÃO'),
(105, 'DUPLO', 2, 270.00, 'DISPONÍVEL'),
(106, 'SUÍTE', 4, 420.00, 'OCUPADO'),
(107, 'ÚNICO', 1, 155.00, 'DISPONÍVEL'),
(108, 'DUPLO', 2, 260.00, 'OCUPADO'),
(109, 'SUÍTE', 4, 410.00, 'MANUTENÇÃO'),
(110, 'ÚNICO', 1, 145.00, 'DISPONÍVEL'),
(111, 'DUPLO', 2, 240.00, 'DISPONÍVEL'),
(112, 'SUÍTE', 4, 390.00, 'OCUPADO'),
(113, 'ÚNICO', 1, 150.00, 'MANUTENÇÃO'),
(114, 'DUPLO', 2, 250.00, 'DISPONÍVEL'),
(115, 'SUÍTE', 4, 400.00, 'OCUPADO'),
(116, 'ÚNICO', 1, 160.00, 'DISPONÍVEL'),
(117, 'DUPLO', 2, 270.00, 'MANUTENÇÃO'),
(118, 'SUÍTE', 4, 420.00, 'DISPONÍVEL'),
(119, 'ÚNICO', 1, 155.00, 'OCUPADO'),
(120, 'DUPLO', 2, 260.00, 'DISPONÍVEL'),
(121, 'SUÍTE', 4, 410.00, 'OCUPADO'),
(122, 'ÚNICO', 1, 145.00, 'MANUTENÇÃO'),
(123, 'DUPLO', 2, 240.00, 'DISPONÍVEL'),
(124, 'SUÍTE', 4, 390.00, 'DISPONÍVEL'),
(125, 'ÚNICO', 1, 150.00, 'OCUPADO'),
(126, 'DUPLO', 2, 250.00, 'MANUTENÇÃO'),
(127, 'SUÍTE', 4, 400.00, 'DISPONÍVEL'),
(128, 'ÚNICO', 1, 160.00, 'OCUPADO'),
(129, 'DUPLO', 2, 270.00, 'DISPONÍVEL'),
(130, 'SUÍTE', 4, 420.00, 'OCUPADO'),
(131, 'ÚNICO', 1, 155.00, 'MANUTENÇÃO'),
(132, 'DUPLO', 2, 260.00, 'DISPONÍVEL'),
(133, 'SUÍTE', 4, 410.00, 'DISPONÍVEL'),
(134, 'ÚNICO', 1, 145.00, 'OCUPADO'),
(135, 'DUPLO', 2, 240.00, 'MANUTENÇÃO'),
(136, 'SUÍTE', 4, 390.00, 'DISPONÍVEL'),
(137, 'ÚNICO', 1, 150.00, 'DISPONÍVEL'),
(138, 'DUPLO', 2, 250.00, 'OCUPADO'),
(139, 'SUÍTE', 4, 400.00, 'MANUTENÇÃO'),
(140, 'ÚNICO', 1, 160.00, 'DISPONÍVEL'),
(141, 'DUPLO', 2, 270.00, 'OCUPADO'),
(142, 'SUÍTE', 4, 420.00, 'DISPONÍVEL'),
(143, 'ÚNICO', 1, 155.00, 'OCUPADO'),
(144, 'DUPLO', 2, 260.00, 'MANUTENÇÃO'),
(145, 'SUÍTE', 4, 410.00, 'DISPONÍVEL'),
(146, 'ÚNICO', 1, 145.00, 'DISPONÍVEL'),
(147, 'DUPLO', 2, 240.00, 'OCUPADO'),
(148, 'SUÍTE', 4, 390.00, 'MANUTENÇÃO'),
(149, 'ÚNICO', 1, 150.00, 'DISPONÍVEL'),
(150, 'DUPLO', 2, 250.00, 'DISPONÍVEL');

-- Inserção de 50 registros fictícios na tabela reserva_periodo
INSERT INTO reserva_periodo (id_reserva, id_periodo, id_quarto) VALUES
(1, 1, 1),
(2, 2, 2),
(3, 3, 3),
(4, 4, 4),
(5, 5, 5),
(6, 6, 6),
(7, 7, 7),
(8, 8, 8),
(9, 9, 9),
(10, 10, 10),
(11, 11, 11),
(12, 12, 12),
(13, 13, 13),
(14, 14, 14),
(15, 15, 15),
(16, 16, 16),
(17, 17, 17),
(18, 18, 18),
(19, 19, 19),
(20, 20, 20),
(21, 21, 21),
(22, 22, 22),
(23, 23, 23),
(24, 24, 24),
(25, 25, 25),
(26, 26, 26),
(27, 27, 27),
(28, 28, 28),
(29, 29, 29),
(30, 30, 30),
(31, 31, 31),
(32, 32, 32),
(33, 33, 33),
(34, 34, 34),
(35, 35, 35),
(36, 36, 36),
(37, 37, 37),
(38, 38, 38),
(39, 39, 39),
(40, 40, 40),
(41, 41, 41),
(42, 42, 42),
(43, 43, 43),
(44, 44, 44),
(45, 45, 45),
(46, 46, 46),
(47, 47, 47),
(48, 48, 48),
(49, 49, 49),
(50, 50, 50);

-- Inserção de 50 registros fictícios na tabela pagamento
INSERT INTO pagamento (id_reserva, data_pagamento, valor_pago, forma_pagamento) VALUES
(1, '2023-10-01 10:00:00', 150.00, 'CARTÃO'),
(2, '2023-10-02 14:30:00', 200.50, 'PIX'),
(3, '2023-10-03 09:15:00', 120.75, 'BOLETO'),
(4, '2023-10-04 16:45:00', 300.00, 'DINHEIRO'),
(5, '2023-10-05 11:00:00', 250.25, 'CARTÃO'),
(6, '2023-10-06 13:20:00', 180.00, 'PIX'),
(7, '2023-10-07 08:50:00', 400.00, 'BOLETO'),
(8, '2023-10-08 17:10:00', 199.99, 'DINHEIRO'),
(9, '2023-10-09 12:30:00', 220.50, 'CARTÃO'),
(10, '2023-10-10 15:40:00', 350.00, 'PIX'),
(11, '2023-10-11 09:00:00', 175.00, 'BOLETO'),
(12, '2023-10-12 18:00:00', 270.00, 'DINHEIRO'),
(13, '2023-10-13 10:20:00', 500.00, 'CARTÃO'),
(14, '2023-10-14 13:50:00', 149.99, 'PIX'),
(15, '2023-10-15 08:45:00', 210.00, 'BOLETO'),
(16, '2023-10-16 16:30:00', 450.00, 'DINHEIRO'),
(17, '2023-10-17 11:10:00', 130.00, 'CARTÃO'),
(18, '2023-10-18 14:25:00', 240.00, 'PIX'),
(19, '2023-10-19 09:30:00', 320.00, 'BOLETO'),
(20, '2023-10-20 17:00:00', 160.00, 'DINHEIRO'),
(21, '2023-10-21 12:15:00', 190.00, 'CARTÃO'),
(22, '2023-10-22 15:50:00', 420.00, 'PIX'),
(23, '2023-10-23 10:00:00', 230.00, 'BOLETO'),
(24, '2023-10-24 18:30:00', 280.00, 'DINHEIRO'),
(25, '2023-10-25 08:55:00', 380.00, 'CARTÃO'),
(26, '2023-10-26 13:40:00', 155.00, 'PIX'),
(27, '2023-10-27 16:10:00', 220.00, 'BOLETO'),
(28, '2023-10-28 11:20:00', 410.00, 'DINHEIRO'),
(29, '2023-10-29 14:50:00', 170.00, 'CARTÃO'),
(30, '2023-10-30 09:40:00', 260.00, 'PIX'),
(31, '2023-10-31 17:30:00', 330.00, 'BOLETO'),
(32, '2023-11-01 10:10:00', 185.00, 'DINHEIRO'),
(33, '2023-11-02 13:00:00', 275.00, 'CARTÃO'),
(34, '2023-11-03 08:30:00', 440.00, 'PIX'),
(35, '2023-11-04 16:20:00', 140.00, 'BOLETO'),
(36, '2023-11-05 11:30:00', 200.00, 'DINHEIRO'),
(37, '2023-11-06 15:00:00', 360.00, 'CARTÃO'),
(38, '2023-11-07 09:50:00', 195.00, 'PIX'),
(39, '2023-11-08 18:10:00', 250.00, 'BOLETO'),
(40, '2023-11-09 10:40:00', 390.00, 'DINHEIRO'),
(41, '2023-11-10 13:30:00', 165.00, 'CARTÃO'),
(42, '2023-11-11 16:50:00', 230.00, 'PIX'),
(43, '2023-11-12 11:40:00', 430.00, 'BOLETO'),
(44, '2023-11-13 08:20:00', 150.00, 'DINHEIRO'),
(45, '2023-11-14 17:20:00', 245.00, 'CARTÃO'),
(46, '2023-11-15 10:30:00', 370.00, 'PIX'),
(47, '2023-11-16 14:10:00', 180.00, 'BOLETO'),
(48, '2023-11-17 09:00:00', 225.00, 'DINHEIRO'),
(49, '2023-11-18 15:20:00', 400.00, 'CARTÃO'),
(50, '2023-11-19 18:40:00', 210.00, 'PIX');

-- Inserção de 50 registros fictícios na tabela servico
INSERT INTO servico (descricao, prioridade, valor) VALUES
('Limpeza diária do quarto', 'ALTA', 50.00),
('Reposição de toalhas', 'MÉDIA', 20.00),
('Manutenção de ar-condicionado', 'ALTA', 150.00),
('Troca de lâmpadas', 'BAIXA', 30.00),
('Lavagem de roupa de cama', 'MÉDIA', 40.00),
('Serviço de quarto - Café da manhã', 'ALTA', 80.00),
('Reparo de torneira', 'MÉDIA', 60.00),
('Instalação de TV a cabo', 'ALTA', 200.00),
('Desinfecção do banheiro', 'ALTA', 70.00),
('Revisão elétrica geral', 'ALTA', 300.00),
('Limpeza de carpete', 'BAIXA', 90.00),
('Substituição de travesseiros', 'MÉDIA', 50.00),
('Manutenção de elevador', 'ALTA', 500.00),
('Polimento de móveis', 'BAIXA', 40.00),
('Entrega de encomenda', 'BAIXA', 10.00),
('Serviço de concierge', 'MÉDIA', 0.00),
('Reparo de fechadura', 'ALTA', 120.00),
('Limpeza de piscina', 'MÉDIA', 100.00),
('Reposição de amenities', 'BAIXA', 15.00),
('Higienização de cortinas', 'MÉDIA', 120.00),
('Instalação de Wi-Fi', 'ALTA', 250.00),
('Reparo de janela', 'BAIXA', 80.00),
('Manutenção de aquecedor', 'ALTA', 180.00),
('Organização de eventos', 'MÉDIA', 500.00),
('Revisão hidráulica', 'ALTA', 220.00),
('Limpeza de vidros', 'BAIXA', 60.00),
('Reposição de sabonetes', 'BAIXA', 10.00),
('Transporte para aeroporto', 'MÉDIA', 150.00),
('Instalação de cofre no quarto', 'ALTA', 300.00),
('Reparo de piso', 'MÉDIA', 140.00),
('Limpeza de área externa', 'BAIXA', 70.00),
('Reposição de copos e talheres', 'BAIXA', 25.00),
('Serviço de lavanderia expressa', 'ALTA', 100.00),
('Manutenção de portas automáticas', 'ALTA', 400.00),
('Limpeza de exaustores', 'MÉDIA', 90.00),
('Reparo de interfone', 'MÉDIA', 80.00),
('Revisão de extintores de incêndio', 'ALTA', 120.00),
('Instalação de cortinas blackout', 'MÉDIA', 150.00),
('Reposição de lençóis extras', 'BAIXA', 30.00),
('Manutenção de geladeira', 'ALTA', 180.00),
('Limpeza de dutos de ar', 'ALTA', 250.00),
('Reparo de espelhos', 'BAIXA', 50.00),
('Serviço de massagem no quarto', 'MÉDIA', 200.00),
('Revisão de alarme de incêndio', 'ALTA', 100.00),
('Reposição de cabides', 'BAIXA', 20.00),
('Manutenção de sistema de som', 'MÉDIA', 160.00),
('Limpeza de tapetes', 'BAIXA', 80.00),
('Reparo de persianas', 'MÉDIA', 120.00),
('Instalação de ventilador de teto', 'ALTA', 180.00),
('Revisão de sistema de segurança', 'ALTA', 500.00),
('Reposição de roupões', 'BAIXA', 40.00),
('Serviço de babá', 'MÉDIA', 150.00),
('Manutenção de máquina de lavar', 'ALTA', 220.00),
('Limpeza de calhas', 'BAIXA', 90.00),
('Reparo de pias', 'MÉDIA', 70.00),
('Instalação de box de vidro', 'ALTA', 300.00),
('Revisão de sistema de energia solar', 'ALTA', 400.00);

-- Inserção de 50 registros fictícios na tabela reserva_servico
INSERT INTO reserva_servico (id_reserva, id_servico) VALUES
(1, 1),
(2, 3),
(3, 5),
(4, 7),
(5, 9),
(6, 11),
(7, 13),
(8, 15),
(9, 17),
(10, 19),
(11, 21),
(12, 23),
(13, 25),
(14, 27),
(15, 29),
(16, 31),
(17, 33),
(18, 35),
(19, 37),
(20, 39),
(21, 41),
(22, 43),
(23, 45),
(24, 47),
(25, 49),
(26, 2),
(27, 4),
(28, 6),
(29, 8),
(30, 10),
(31, 12),
(32, 14),
(33, 16),
(34, 18),
(35, 20),
(36, 22),
(37, 24),
(38, 26),
(39, 28),
(40, 30),
(41, 32),
(42, 34),
(43, 36),
(44, 38),
(45, 40),
(46, 42),
(47, 44),
(48, 46),
(49, 48),
(50, 50);

-- Inserção de 50 registros fictícios na tabela hospede
INSERT INTO hospede (nome, documento, id_reserva, id_cliente) VALUES
('João Silva', '123.456.789-01', 1, 1),
('Maria Santos', '234.567.890-12', 2, 2),
('Pedro Almeida', '345.678.901-23', 3, 3),
('Ana Oliveira', '456.789.012-34', 4, 4),
('Carlos Ferreira', '567.890.123-45', 5, 5),
('Juliana Costa', '678.901.234-56', 6, 6),
('Rafael Rodrigues', '789.012.345-67', 7, 7),
('Fernanda Lima', '890.123.456-78', 8, 8),
('Lucas Pereira', '901.234.567-89', 9, 9),
('Mariana Souza', '012.345.678-90', 10, 10),
('Gustavo Santos', '111.222.333-44', 11, 11),
('Camila Alves', '222.333.444-55', 12, 12),
('Diego Castro', '333.444.555-66', 13, 13),
('Larissa Mendes', '444.555.666-77', 14, 14),
('Thiago Rocha', '555.666.777-88', 15, 15),
('Isabela Cardoso', '666.777.888-99', 16, 16),
('Vinícius Teixeira', '777.888.999-00', 17, 17),
('Carolina Barbosa', '888.999.000-11', 18, 18),
('Gabriel Sousa', '999.000.111-22', 19, 19),
('Beatriz Ribeiro', '000.111.222-33', 20, 20),
('Eduardo Gomes', '111.222.333-45', 21, 21),
('Laura Carvalho', '222.333.444-56', 22, 22),
('Ricardo Fernandes', '333.444.555-67', 23, 23),
('Patrícia Lima', '444.555.666-78', 24, 24),
('Felipe Costa', '555.666.777-89', 25, 25),
('Sofia Almeida', '666.777.888-90', 26, 26),
('Alice Santos', '777.888.999-01', 27, 27),
('Davi Oliveira', '888.999.000-12', 28, 28),
('Luna Ferreira', '999.000.111-23', 29, 29),
('Noah Rodrigues', '000.111.222-34', 30, 30),
('Melissa Lima', '111.222.333-46', 31, 31),
('Benjamin Barbosa', '222.333.444-57', 32, 32),
('Heloísa Sousa', '333.444.555-68', 33, 33),
('Rafaela Ribeiro', '444.555.666-79', 34, 34),
('Bianca Gomes', '555.666.777-80', 35, 35),
('Felipe Carvalho', '666.777.888-91', 36, 36),
('Vitória Fernandes', '777.888.999-02', 37, 37),
('João Pedro Mendes', '888.999.000-13', 38, 38),
('Maria Eduarda Rocha', '999.000.111-24', 39, 39),
('Pedro Henrique Teixeira', '000.111.222-35', 40, 40),
('Ana Clara Cardoso', '111.222.333-47', 41, 41),
('Lucas Gabriel Castro', '222.333.444-58', 42, 42),
('Julia Isabella Almeida', '333.444.555-69', 43, 43),
('Guilherme Miguel Santos', '444.555.666-70', 44, 44),
('Beatriz Sophia Oliveira', '555.666.777-81', 45, 45),
('Rafaela Enzo Ferreira', '666.777.888-92', 46, 46),
('Nicolas Arthur Costa', '777.888.999-03', 47, 47),
('Lara Valentina Rodrigues', '888.999.000-14', 48, 48),
('Daniel Samuel Lima', '999.000.111-25', 49, 49),
('Heloísa Mendes', '000.111.222-36', 50, 50);